{"stats":{"minecraft:crafted":{"minecraft:cooked_beef":1,"minecraft:oak_planks":20,"minecraft:crafting_table":1,"minecraft:stick":8,"minecraft:wooden_pickaxe":1,"minecraft:stone_pickaxe":1,"minecraft:furnace":1,"minecraft:white_bed":1,"minecraft:birch_planks":24,"minecraft:stone_axe":1,"minecraft:air":0,"minecraft:cooked_mutton":5},"minecraft:picked_up":{"minecraft:birch_log":13,"minecraft:crafting_table":1,"minecraft:sweet_berries":52,"minecraft:brown_wool":1,"minecraft:birch_planks":23,"minecraft:oak_log":5,"minecraft:spruce_sapling":1,"minecraft:white_bed":1,"minecraft:spruce_log":12,"minecraft:dirt":15,"minecraft:wheat_seeds":1,"minecraft:beef":1,"minecraft:sugar_cane":24,"minecraft:mutton":5,"minecraft:white_wool":3,"minecraft:cobblestone":18,"minecraft:furnace":1},"minecraft:mined":{"minecraft:white_bed":1,"minecraft:furnace":1,"minecraft:birch_log":13,"minecraft:sweet_berry_bush":21,"minecraft:spruce_log":14,"minecraft:crafting_table":1,"minecraft:grass":5,"minecraft:grass_block":3,"minecraft:oak_log":5,"minecraft:dirt":12,"minecraft:spruce_leaves":10,"minecraft:stone":18,"minecraft:sugar_cane":10,"minecraft:oak_leaves":4,"minecraft:fern":2},"minecraft:used":{"minecraft:cooked_mutton":3,"minecraft:stone_pickaxe":1,"minecraft:wooden_pickaxe":18,"minecraft:stone_axe":32,"minecraft:crafting_table":1,"minecraft:furnace":1,"minecraft:white_bed":1},"minecraft:killed":{"minecraft:sheep":4,"minecraft:cow":1},"minecraft:custom":{"minecraft:time_since_rest":7477,"minecraft:interact_with_furnace":8,"minecraft:sprint_one_cm":56910,"minecraft:damage_taken":20,"minecraft:walk_one_cm":35773,"minecraft:mob_kills":5,"minecraft:drop":1,"minecraft:damage_dealt":420,"minecraft:interact_with_crafting_table":6,"minecraft:swim_one_cm":5147,"minecraft:fly_one_cm":38930,"minecraft:crouch_one_cm":5282,"minecraft:play_time":15173,"minecraft:sneak_time":2188,"minecraft:walk_under_water_one_cm":101,"minecraft:jump":229,"minecraft:walk_on_water_one_cm":1179,"minecraft:leave_game":3,"minecraft:time_since_death":15173,"minecraft:sleep_in_bed":1,"minecraft:total_world_time":15173,"minecraft:fall_one_cm":3092},"minecraft:dropped":{"minecraft:wooden_pickaxe":1}},"DataVersion":3465}