{"stats":{"minecraft:killed":{"minecraft:sheep":4,"minecraft:cow":1},"minecraft:mined":{"minecraft:grass":2,"minecraft:oak_log":5,"minecraft:sugar_cane":4,"minecraft:oak_leaves":4},"minecraft:custom":{"minecraft:time_since_rest":420,"minecraft:crouch_one_cm":1111,"minecraft:sprint_one_cm":36618,"minecraft:play_time":8116,"minecraft:damage_taken":20,"minecraft:walk_one_cm":21976,"minecraft:sneak_time":499,"minecraft:walk_under_water_one_cm":34,"minecraft:mob_kills":5,"minecraft:jump":153,"minecraft:damage_dealt":420,"minecraft:time_since_death":8116,"minecraft:leave_game":2,"minecraft:walk_on_water_one_cm":755,"minecraft:sleep_in_bed":1,"minecraft:total_world_time":8116,"minecraft:interact_with_crafting_table":1,"minecraft:swim_one_cm":2410,"minecraft:fall_one_cm":2614,"minecraft:fly_one_cm":30448},"minecraft:picked_up":{"minecraft:brown_wool":1,"minecraft:wheat_seeds":1,"minecraft:beef":1,"minecraft:oak_log":5,"minecraft:sugar_cane":9,"minecraft:mutton":5,"minecraft:white_wool":3},"minecraft:used":{"minecraft:crafting_table":1,"minecraft:white_bed":1},"minecraft:crafted":{"minecraft:white_bed":1,"minecraft:oak_planks":20,"minecraft:crafting_table":1}},"DataVersion":3465}